{
  "meta": {
    "format": 3,
    "version": "7.10.0",
    "timestamp": "2025-09-05T14:30:30.473510",
    "branch_coverage": false,
    "show_contexts": false
  },
  "files": {
    "homeassistant/components/tuya/sensor.py": {
      "executed_lines": [
        1, 3, 5, 6, 7, 8, 9, 10, 12, 13, 15, 23, 33, 34, 35, 36, 38, 39, 50, 51,
        53, 73, 74, 75, 77, 78, 79, 83, 125, 1589, 1593, 1597, 1600, 1606, 1608,
        1609, 1611, 1612, 1613, 1614, 1615, 1616, 1618, 1622, 1628, 1631, 1633,
        1635, 1637, 1642, 1643, 1645, 1647, 1648, 1649, 1650, 1652, 1659, 1660,
        1661, 1665, 1666, 1667, 1668, 1669, 1670, 1673, 1674, 1676, 1680, 1690,
        1694, 1700, 1701, 1702, 1704, 1705, 1710, 1711, 1712, 1713, 1717, 1719,
        1720, 1723, 1733, 1734, 1738, 1739, 1742, 1743, 1746, 1753, 1754, 1759,
        1760, 1762, 1763, 1769, 1770, 1773, 1776, 1777, 1784, 1792, 1793, 1794,
        1795, 1796, 1798, 1800, 1802, 1809, 1810, 1811, 1814, 1815, 1817, 1820,
        1821, 1822, 1824, 1825, 1828, 1832, 1834, 1842, 1846, 1847, 1849, 1853,
        1854, 1856, 1858, 1868, 1869, 1870, 1872, 1873, 1874, 1875, 1876, 1880,
        1881, 1889, 1892, 1893, 1894, 1895, 1896, 1897, 1899, 1900, 1901, 1902,
        1904, 1906, 1907, 1909, 1911, 1912, 1914, 1915, 1917, 1920, 1927, 1928,
        1930, 1932, 1933, 1935, 1936, 1938, 1940
      ],
      "summary": {
        "covered_lines": 170,
        "num_statements": 177,
        "percent_covered": 96.045197740113,
        "percent_covered_display": "96",
        "missing_lines": 7,
        "excluded_lines": 0
      },
      "missing_lines": [1730, 1735, 1750, 1758, 1884, 1885, 1887],
      "excluded_lines": [],
      "functions": {
        "async_setup_entry": {
          "executed_lines": [1606, 1608, 1609, 1635, 1637],
          "summary": {
            "covered_lines": 5,
            "num_statements": 5,
            "percent_covered": 100.0,
            "percent_covered_display": "100",
            "missing_lines": 0,
            "excluded_lines": 0
          },
          "missing_lines": [],
          "excluded_lines": []
        },
        "async_setup_entry.async_discover_device": {
          "executed_lines": [
            1611, 1612, 1613, 1614, 1615, 1616, 1618, 1622, 1628, 1631, 1633
          ],
          "summary": {
            "covered_lines": 11,
            "num_statements": 11,
            "percent_covered": 100.0,
            "percent_covered_display": "100",
            "missing_lines": 0,
            "excluded_lines": 0
          },
          "missing_lines": [],
          "excluded_lines": []
        },
        "TuyaSensorEntity.__init__": {
          "executed_lines": [
            1659, 1660, 1661, 1665, 1666, 1667, 1668, 1669, 1670, 1673, 1674,
            1676, 1680, 1690, 1694, 1700, 1701, 1702, 1704, 1705, 1710, 1711,
            1712, 1713, 1717
          ],
          "summary": {
            "covered_lines": 25,
            "num_statements": 25,
            "percent_covered": 100.0,
            "percent_covered_display": "100",
            "missing_lines": 0,
            "excluded_lines": 0
          },
          "missing_lines": [],
          "excluded_lines": []
        },
        "TuyaSensorEntity.native_value": {
          "executed_lines": [
            1723, 1733, 1734, 1738, 1739, 1742, 1743, 1746, 1753, 1754, 1759,
            1760, 1762, 1763, 1769, 1770, 1773
          ],
          "summary": {
            "covered_lines": 17,
            "num_statements": 21,
            "percent_covered": 80.95238095238095,
            "percent_covered_display": "81",
            "missing_lines": 4,
            "excluded_lines": 0
          },
          "missing_lines": [1730, 1735, 1750, 1758],
          "excluded_lines": []
        },
        "TuyaEnergySensorEntity.__init__": {
          "executed_lines": [1792, 1793, 1794, 1795, 1796],
          "summary": {
            "covered_lines": 5,
            "num_statements": 5,
            "percent_covered": 100.0,
            "percent_covered_display": "100",
            "missing_lines": 0,
            "excluded_lines": 0
          },
          "missing_lines": [],
          "excluded_lines": []
        },
        "TuyaEnergySensorEntity.async_added_to_hass": {
          "executed_lines": [
            1800, 1802, 1809, 1810, 1811, 1814, 1815, 1817, 1820, 1821, 1822
          ],
          "summary": {
            "covered_lines": 11,
            "num_statements": 11,
            "percent_covered": 100.0,
            "percent_covered_display": "100",
            "missing_lines": 0,
            "excluded_lines": 0
          },
          "missing_lines": [],
          "excluded_lines": []
        },
        "TuyaEnergySensorEntity._is_incremental_mode": {
          "executed_lines": [1828, 1832],
          "summary": {
            "covered_lines": 2,
            "num_statements": 2,
            "percent_covered": 100.0,
            "percent_covered_display": "100",
            "missing_lines": 0,
            "excluded_lines": 0
          },
          "missing_lines": [],
          "excluded_lines": []
        },
        "TuyaEnergySensorEntity._handle_state_update": {
          "executed_lines": [1842, 1846, 1847, 1849, 1853, 1854, 1856],
          "summary": {
            "covered_lines": 7,
            "num_statements": 7,
            "percent_covered": 100.0,
            "percent_covered_display": "100",
            "missing_lines": 0,
            "excluded_lines": 0
          },
          "missing_lines": [],
          "excluded_lines": []
        },
        "TuyaEnergySensorEntity._process_incremental_update": {
          "executed_lines": [
            1868, 1869, 1870, 1872, 1873, 1874, 1875, 1876, 1880, 1881
          ],
          "summary": {
            "covered_lines": 10,
            "num_statements": 13,
            "percent_covered": 76.92307692307692,
            "percent_covered_display": "77",
            "missing_lines": 3,
            "excluded_lines": 0
          },
          "missing_lines": [1884, 1885, 1887],
          "excluded_lines": []
        },
        "TuyaEnergySensorEntity._is_new_update": {
          "executed_lines": [
            1892, 1893, 1894, 1895, 1896, 1897, 1899, 1900, 1901, 1902, 1904
          ],
          "summary": {
            "covered_lines": 11,
            "num_statements": 11,
            "percent_covered": 100.0,
            "percent_covered_display": "100",
            "missing_lines": 0,
            "excluded_lines": 0
          },
          "missing_lines": [],
          "excluded_lines": []
        },
        "TuyaEnergySensorEntity.native_value": {
          "executed_lines": [1909, 1911, 1912],
          "summary": {
            "covered_lines": 3,
            "num_statements": 3,
            "percent_covered": 100.0,
            "percent_covered_display": "100",
            "missing_lines": 0,
            "excluded_lines": 0
          },
          "missing_lines": [],
          "excluded_lines": []
        },
        "TuyaEnergySensorEntity.extra_state_attributes": {
          "executed_lines": [
            1917, 1920, 1927, 1928, 1930, 1932, 1933, 1935, 1936, 1938, 1940
          ],
          "summary": {
            "covered_lines": 11,
            "num_statements": 11,
            "percent_covered": 100.0,
            "percent_covered_display": "100",
            "missing_lines": 0,
            "excluded_lines": 0
          },
          "missing_lines": [],
          "excluded_lines": []
        },
        "": {
          "executed_lines": [
            1, 3, 5, 6, 7, 8, 9, 10, 12, 13, 15, 23, 33, 34, 35, 36, 38, 39, 50,
            51, 53, 73, 74, 75, 77, 78, 79, 83, 125, 1589, 1593, 1597, 1600,
            1642, 1643, 1645, 1647, 1648, 1649, 1650, 1652, 1719, 1720, 1776,
            1777, 1784, 1798, 1824, 1825, 1834, 1858, 1889, 1906, 1907, 1914,
            1915
          ],
          "summary": {
            "covered_lines": 52,
            "num_statements": 52,